"","chain","co_owned","empft","firstinc","hrsopen","inctime","meals","state","emptot","treated","time","observation","pct_fte","wage_st"
"1","wendys","yes",20,0.1,12,26,"reduced price meals","Pennsylvania",34,0,0,"February 1992",58.8235294117647,5
"2","wendys","yes",6,0.15,12,52,"both free and reduced price meals","Pennsylvania",24,0,0,"February 1992",25,5.5
"3","wendys","yes",0,0.07,12,26,"reduced price meals","Pennsylvania",20.5,0,0,"February 1992",0,5
"4","bk","no",50,0.1,18,26,"reduced price meals","Pennsylvania",70.5,0,0,"February 1992",70.9219858156028,5
"5","bk","no",10,0.25,24,52,"reduced price meals","Pennsylvania",23.5,0,0,"February 1992",42.5531914893617,5
"6","kfc","yes",2,0.25,10,13,"free meals","Pennsylvania",11,0,0,"February 1992",18.1818181818182,5.25
"7","kfc","yes",2,0.15,10,19,"free meals","Pennsylvania",9,0,0,"February 1992",22.2222222222222,5
"8","roys","yes",2.5,0.37,12.5,13,"reduced price meals","Pennsylvania",15.5,0,0,"February 1992",16.1290322580645,5
"9","bk","no",40,0.17,18,13,"reduced price meals","Pennsylvania",58,0,0,"February 1992",68.9655172413793,5
"10","bk","no",8,0.25,18,39,"reduced price meals","Pennsylvania",26.5,0,0,"February 1992",30.188679245283,5
"11","bk","no",6,0.37,12.5,26,"reduced price meals","Pennsylvania",13.5,0,0,"February 1992",44.4444444444444,5
"12","kfc","yes",5,0.25,10,26,"both free and reduced price meals","Pennsylvania",16.75,0,0,"February 1992",29.8507462686567,5.25
"13","kfc","yes",1,0.07,10,13,"reduced price meals","Pennsylvania",9.5,0,0,"February 1992",10.5263157894737,5
"14","roys","yes",10,0.17,11.5,13,"reduced price meals","Pennsylvania",15,0,0,"February 1992",66.6666666666667,5
"15","roys","no",20,0.25,16,13,"reduced price meals","Pennsylvania",29.5,0,0,"February 1992",67.7966101694915,5
"16","roys","no",5,0.37,14,13,"reduced price meals","Pennsylvania",18.5,0,0,"February 1992",27.027027027027,5
"17","roys","yes",10,0.12,16,13,"reduced price meals","Pennsylvania",20.25,0,0,"February 1992",49.3827160493827,5
"18","roys","yes",27,0.25,16,26,"reduced price meals","Pennsylvania",36,0,0,"February 1992",75,5
"19","roys","no",4,0.25,15,26,"reduced price meals","Pennsylvania",21,0,0,"February 1992",19.047619047619,5
"20","roys","yes",10,0.17,16,13,"reduced price meals","Pennsylvania",20.5,0,0,"February 1992",48.780487804878,5
"21","wendys","yes",0,0.07,12,26,"reduced price meals","Pennsylvania",19,0,0,"February 1992",0,5
"22","roys","yes",3,0.25,16,13,"reduced price meals","Pennsylvania",14,0,0,"February 1992",21.4285714285714,5
"23","roys","yes",7,0.2,16,13,"reduced price meals","Pennsylvania",19,0,0,"February 1992",36.8421052631579,5
"24","bk","no",21,0.25,16.5,4,"reduced price meals","Pennsylvania",32.5,0,0,"February 1992",64.6153846153846,4.25
"25","bk","no",10,0.15,16.5,4,"reduced price meals","Pennsylvania",27,0,0,"February 1992",37.037037037037,4.25
"26","bk","no",0,0.2,16.5,18,"reduced price meals","Pennsylvania",19.5,0,0,"February 1992",0,4.25
"27","bk","no",0,0.25,16,2,"reduced price meals","Pennsylvania",18,0,0,"February 1992",0,4.25
"28","bk","no",6,0.2,14,13,"both free and reduced price meals","Pennsylvania",19,0,0,"February 1992",31.5789473684211,4.25
"29","wendys","yes",30,0.07,12,26,"reduced price meals","Pennsylvania",38,0,0,"February 1992",78.9473684210526,4.67
"30","wendys","yes",8,0.15,12,26,"reduced price meals","Pennsylvania",23.5,0,0,"February 1992",34.0425531914894,4.75
"31","wendys","no",0,0.1,10.5,26,"free meals","Pennsylvania",10.5,0,0,"February 1992",0,4.25
"32","wendys","no",10,0.1,11.5,4,"free meals","Pennsylvania",25,0,0,"February 1992",40,4.25
"33","kfc","yes",2,0.12,10,52,"both free and reduced price meals","Pennsylvania",11,0,0,"February 1992",18.1818181818182,4.75
"34","bk","no",20,0.15,15,13,"reduced price meals","Pennsylvania",36.5,0,0,"February 1992",54.7945205479452,4.25
"35","bk","no",20,0.15,16,17,"reduced price meals","Pennsylvania",52.5,0,0,"February 1992",38.0952380952381,4.5
"36","bk","no",10,0.15,16,13,"reduced price meals","Pennsylvania",29,0,0,"February 1992",34.4827586206897,4.25
"37","bk","no",15,0.25,16,6,"reduced price meals","Pennsylvania",45,0,0,"February 1992",33.3333333333333,4.25
"38","bk","no",1,0.17,15.5,4,"reduced price meals","Pennsylvania",22.75,0,0,"February 1992",4.3956043956044,4.25
"39","kfc","no",0,0.07,8,52,"reduced price meals","Pennsylvania",7.5,0,0,"February 1992",0,4.25
"40","wendys","no",0,0.15,11.5,19,"reduced price meals","Pennsylvania",15.5,0,0,"February 1992",0,4.25
"41","wendys","no",30,0.25,11.5,4,"reduced price meals","Pennsylvania",38,0,0,"February 1992",78.9473684210526,4.25
"42","wendys","no",4,0.25,11.5,4,"reduced price meals","Pennsylvania",17.5,0,0,"February 1992",22.8571428571429,4.25
"43","wendys","no",12,0.37,12.5,19,"reduced price meals","Pennsylvania",25,0,0,"February 1992",48,4.25
"44","bk","no",8,0.25,18,4,"reduced price meals","Pennsylvania",21,0,0,"February 1992",38.0952380952381,4.75
"45","bk","no",2,0.15,16.5,13,"reduced price meals","Pennsylvania",15.5,0,0,"February 1992",12.9032258064516,4.75
"46","kfc","yes",1,0.15,10,4,"reduced price meals","Pennsylvania",8.5,0,0,"February 1992",11.7647058823529,4.5
"47","roys","yes",5,0.37,16,13,"reduced price meals","Pennsylvania",18,0,0,"February 1992",27.7777777777778,4.25
"48","wendys","no",8,0.3,11.5,17,"both free and reduced price meals","Pennsylvania",20.75,0,0,"February 1992",38.5542168674699,4.75
"49","bk","no",5,0.5,17,26,"reduced price meals","Pennsylvania",22.5,0,0,"February 1992",22.2222222222222,4.75
"50","bk","no",6,0.12,18,52,"reduced price meals","Pennsylvania",24,0,0,"February 1992",25,4.25
"51","bk","no",8,0.12,16.5,39,"reduced price meals","Pennsylvania",26,0,0,"February 1992",30.7692307692308,4.25
"52","bk","no",32,0.22,19,13,"reduced price meals","Pennsylvania",48.5,0,0,"February 1992",65.979381443299,4.5
"53","kfc","yes",1,0.37,10,26,"reduced price meals","Pennsylvania",8.5,0,0,"February 1992",11.7647058823529,4.5
"54","roys","no",4,0.37,13,13,"reduced price meals","Pennsylvania",18.5,0,0,"February 1992",21.6216216216216,4.5
"55","roys","yes",2,0.25,12.5,13,"reduced price meals","Pennsylvania",13,0,0,"February 1992",15.3846153846154,4.5
"56","wendys","yes",12,0.15,12,13,"reduced price meals","Pennsylvania",22.5,0,0,"February 1992",53.3333333333333,4.5
"57","wendys","yes",20,0.1,12,26,"reduced price meals","Pennsylvania",28,0,0,"February 1992",71.4285714285714,4.75
"58","bk","no",14,0.37,16.5,4,"reduced price meals","Pennsylvania",24.5,0,0,"February 1992",57.1428571428571,4.25
"59","roys","yes",7,0.25,16,26,"reduced price meals","Pennsylvania",23.5,0,0,"February 1992",29.7872340425532,4.25
"60","roys","yes",4,0.15,16.5,9,"reduced price meals","Pennsylvania",15,0,0,"February 1992",26.6666666666667,4.75
"61","roys","no",5,0.25,16,26,"reduced price meals","Pennsylvania",18,0,0,"February 1992",27.7777777777778,4.5
"62","roys","yes",6,0.12,16,13,"both free and reduced price meals","Pennsylvania",20.25,0,0,"February 1992",29.6296296296296,4.75
"63","bk","no",2,0.2,16,26,"both free and reduced price meals","Pennsylvania",21,0,0,"February 1992",9.52380952380952,4.35
"64","roys","yes",2,0.25,7,13,"free meals","New Jersey",5,1,0,"February 1992",40,5
"65","kfc","no",10,0.25,11,6,"both free and reduced price meals","New Jersey",16,1,0,"February 1992",62.5,5.12
"66","kfc","no",6,0.37,10,13,"free meals","New Jersey",10,1,0,"February 1992",60,5
"67","kfc","no",4,0.15,11,13,"reduced price meals","New Jersey",15,1,0,"February 1992",26.6666666666667,5.25
"68","roys","no",12,0.25,17,26,"reduced price meals","New Jersey",26,1,0,"February 1992",46.1538461538462,5
"69","wendys","no",8,0.17,13,30,"reduced price meals","New Jersey",18,1,0,"February 1992",44.4444444444444,5.5
"70","roys","no",6,0.15,19,4,"reduced price meals","New Jersey",35,1,0,"February 1992",17.1428571428571,5
"71","roys","yes",13,0.15,17,26,"reduced price meals","New Jersey",21,1,0,"February 1992",61.9047619047619,5
"72","wendys","no",25,0.1,12,26,"reduced price meals","New Jersey",34.5,1,0,"February 1992",72.463768115942,5
"73","wendys","no",8,0.37,13.5,13,"reduced price meals","New Jersey",18.25,1,0,"February 1992",43.8356164383562,5
"74","wendys","no",12.5,0.25,13.5,13,"reduced price meals","New Jersey",24.5,1,0,"February 1992",51.0204081632653,5
"75","bk","no",7,0.52,12.5,26,"free meals","New Jersey",20,1,0,"February 1992",35,5.5
"76","bk","yes",10,0.17,16,13,"reduced price meals","New Jersey",16,1,0,"February 1992",62.5,5
"77","kfc","no",0,0.25,10,26,"both free and reduced price meals","New Jersey",17.5,1,0,"February 1992",0,5
"78","wendys","no",12.5,0.27,11.5,26,"reduced price meals","New Jersey",20.5,1,0,"February 1992",60.9756097560976,5
"79","wendys","no",4,0.2,14,13,"reduced price meals","New Jersey",20,1,0,"February 1992",20,5
"80","roys","no",20,0.05,16,26,"reduced price meals","New Jersey",33,1,0,"February 1992",60.6060606060606,5.25
"81","roys","no",15,0.37,17,4,"reduced price meals","New Jersey",31.5,1,0,"February 1992",47.6190476190476,5.5
"82","wendys","no",0,0.25,11.5,26,"reduced price meals","New Jersey",18,1,0,"February 1992",0,5.37
"83","wendys","no",10,0.15,12.5,26,"reduced price meals","New Jersey",28,1,0,"February 1992",35.7142857142857,5.05
"84","bk","no",5,0.15,16,13,"reduced price meals","New Jersey",16.5,1,0,"February 1992",30.3030303030303,5
"85","bk","no",8.5,0.25,14,8,"reduced price meals","New Jersey",14.75,1,0,"February 1992",57.6271186440678,5.12
"86","bk","no",4.5,0.17,17,26,"reduced price meals","New Jersey",23.5,1,0,"February 1992",19.1489361702128,5.25
"87","bk","no",1,0.1,15,12,"reduced price meals","New Jersey",10,1,0,"February 1992",10,5
"88","bk","no",35,0.67,15,9,"free meals","New Jersey",46.5,1,0,"February 1992",75.2688172043011,5.12
"89","kfc","no",10,0.25,12,26,"free meals","New Jersey",15.5,1,0,"February 1992",64.5161290322581,5
"90","roys","yes",8,0.15,17,19,"reduced price meals","New Jersey",24.5,1,0,"February 1992",32.6530612244898,5
"91","roys","yes",12,0.15,16.5,13,"reduced price meals","New Jersey",24,1,0,"February 1992",50,5
"92","roys","yes",4,0.1,19,26,"reduced price meals","New Jersey",23,1,0,"February 1992",17.3913043478261,5
"93","wendys","no",20,0.27,12.5,15,"reduced price meals","New Jersey",28,1,0,"February 1992",71.4285714285714,5
"94","bk","yes",12,0.25,16,13,"reduced price meals","New Jersey",32.5,1,0,"February 1992",36.9230769230769,5
"95","bk","yes",10,0.52,16,52,"reduced price meals","New Jersey",23,1,0,"February 1992",43.4782608695652,5
"96","roys","no",4,0.52,15,26,"reduced price meals","New Jersey",17,1,0,"February 1992",23.5294117647059,5.62
"97","roys","yes",5,0.12,16,26,"reduced price meals","New Jersey",30,1,0,"February 1992",16.6666666666667,5
"98","wendys","yes",8,0.2,11.5,26,"reduced price meals","New Jersey",21.5,1,0,"February 1992",37.2093023255814,5
"99","bk","no",23,0.25,17,26,"reduced price meals","New Jersey",32,1,0,"February 1992",71.875,5
"100","roys","yes",15,0.25,17,26,"reduced price meals","New Jersey",35.5,1,0,"February 1992",42.2535211267606,5.1
"101","roys","no",15,0.37,16,13,"reduced price meals","New Jersey",31.5,1,0,"February 1992",47.6190476190476,5
"102","roys","yes",25,0.25,17,13,"reduced price meals","New Jersey",33,1,0,"February 1992",75.7575757575758,5.25
"103","bk","no",13,0.25,14.5,4,"reduced price meals","New Jersey",23,1,0,"February 1992",56.5217391304348,5
"104","bk","yes",10,0.17,15,26,"reduced price meals","New Jersey",23,1,0,"February 1992",43.4782608695652,5
"105","kfc","yes",0,0.1,11,13,"reduced price meals","New Jersey",8.5,1,0,"February 1992",0,5
"106","kfc","yes",4,0.2,11,4,"free meals","New Jersey",12.5,1,0,"February 1992",32,5.05
"107","kfc","yes",0,0.12,10,26,"reduced price meals","New Jersey",9.5,1,0,"February 1992",0,5.5
"108","kfc","yes",5,0.25,10.5,26,"reduced price meals","New Jersey",13,1,0,"February 1992",38.4615384615385,5
"109","bk","yes",5,0.25,16,26,"reduced price meals","New Jersey",17,1,0,"February 1992",29.4117647058824,5.3
"110","kfc","yes",8,0.36,10.5,11,"both free and reduced price meals","New Jersey",19,1,0,"February 1992",42.1052631578947,5
"111","kfc","no",5,0.12,12,13,"reduced price meals","New Jersey",11.5,1,0,"February 1992",43.4782608695652,5
"112","roys","no",20,0.2,24,26,"reduced price meals","New Jersey",48,1,0,"February 1992",41.6666666666667,5.25
"113","roys","yes",18,0.15,24,11,"reduced price meals","New Jersey",45.5,1,0,"February 1992",39.5604395604396,5.15
"114","wendys","no",4,0.12,15.5,13,"free meals","New Jersey",15,1,0,"February 1992",26.6666666666667,5.42
"115","bk","no",10,0.17,12.5,4,"both free and reduced price meals","New Jersey",18,1,0,"February 1992",55.5555555555556,5
"116","roys","yes",2.5,0.15,16,6,"reduced price meals","New Jersey",21,1,0,"February 1992",11.9047619047619,5
"117","wendys","no",14,0.25,10.5,4,"free meals","New Jersey",20.5,1,0,"February 1992",68.2926829268293,5.06
"118","wendys","no",4.5,0.2,11.5,16,"free meals","New Jersey",17.5,1,0,"February 1992",25.7142857142857,5
"119","bk","no",12,0.15,16,13,"reduced price meals","New Jersey",27.5,1,0,"February 1992",43.6363636363636,5
"120","bk","yes",14,0.25,15.5,4,"reduced price meals","New Jersey",24,1,0,"February 1992",58.3333333333333,5
"121","bk","no",25,0.25,15,26,"free meals","New Jersey",34,1,0,"February 1992",73.5294117647059,5.25
"122","bk","yes",10,0.1,18.5,52,"reduced price meals","New Jersey",18,1,0,"February 1992",55.5555555555556,5
"123","bk","no",10,0.5,16.5,13,"reduced price meals","New Jersey",24,1,0,"February 1992",41.6666666666667,5
"124","wendys","yes",5,0.15,10.5,26,"reduced price meals","New Jersey",12,1,0,"February 1992",41.6666666666667,5.75
"125","bk","no",10,0.5,14,26,"free meals","New Jersey",16,1,0,"February 1992",62.5,4.75
"126","kfc","no",6,0.25,10,13,"reduced price meals","New Jersey",15.5,1,0,"February 1992",38.7096774193548,4.25
"127","roys","no",10,0.25,12.5,4,"reduced price meals","New Jersey",19,1,0,"February 1992",52.6315789473684,4.75
"128","roys","no",5,0.17,17,13,"free meals","New Jersey",24,1,0,"February 1992",20.8333333333333,4.5
"129","bk","no",12,0.15,16,26,"reduced price meals","New Jersey",36,1,0,"February 1992",33.3333333333333,4.37
"130","bk","no",15,0.17,16,39,"reduced price meals","New Jersey",29,1,0,"February 1992",51.7241379310345,4.25
"131","bk","no",10,0.1,16,26,"reduced price meals","New Jersey",29,1,0,"February 1992",34.4827586206897,4.25
"132","bk","no",6.5,0.1,16,9,"reduced price meals","New Jersey",21.25,1,0,"February 1992",30.5882352941176,4.37
"133","kfc","no",0,0.25,10,7,"reduced price meals","New Jersey",15.5,1,0,"February 1992",0,4.5
"134","roys","no",3,0.15,17,9,"reduced price meals","New Jersey",19.5,1,0,"February 1992",15.3846153846154,4.6
"135","roys","no",6,0.25,17,13,"reduced price meals","New Jersey",21,1,0,"February 1992",28.5714285714286,4.5
"136","roys","no",0,0.25,17,13,"reduced price meals","New Jersey",14,1,0,"February 1992",0,4.37
"137","bk","no",4,0.25,16,4,"reduced price meals","New Jersey",23.5,1,0,"February 1992",17.0212765957447,4.25
"138","kfc","no",5,0.1,10.5,6,"reduced price meals","New Jersey",14,1,0,"February 1992",35.7142857142857,4.45
"139","roys","no",3,0.12,16,26,"reduced price meals","New Jersey",14.5,1,0,"February 1992",20.6896551724138,4.35
"140","bk","no",0,0.12,16,26,"reduced price meals","New Jersey",15.5,1,0,"February 1992",0,4.5
"141","bk","no",15,0.25,16,13,"reduced price meals","New Jersey",26.5,1,0,"February 1992",56.6037735849057,4.75
"142","kfc","no",0,0.25,11,4,"reduced price meals","New Jersey",5.5,1,0,"February 1992",0,4.5
"143","roys","no",10,0.25,11.5,26,"reduced price meals","New Jersey",23.25,1,0,"February 1992",43.010752688172,4.5
"144","wendys","no",25,0.25,11.5,9,"reduced price meals","New Jersey",32.25,1,0,"February 1992",77.5193798449613,4.5
"145","bk","no",15,0.15,17,17,"reduced price meals","New Jersey",30,1,0,"February 1992",50,4.25
"146","bk","no",20,0.2,16,26,"both free and reduced price meals","New Jersey",30.5,1,0,"February 1992",65.5737704918033,4.5
"147","bk","no",0,0.25,15.5,52,"reduced price meals","New Jersey",14,1,0,"February 1992",0,4.8
"148","bk","no",15,0.15,17,26,"reduced price meals","New Jersey",27,1,0,"February 1992",55.5555555555556,4.25
"149","bk","no",5,0.25,13.5,13,"free meals","New Jersey",18.5,1,0,"February 1992",27.027027027027,4.5
"150","bk","no",30,0.05,17,14,"both free and reduced price meals","New Jersey",38,1,0,"February 1992",78.9473684210526,4.25
"151","bk","no",0,0.22,18,13,"reduced price meals","New Jersey",16.5,1,0,"February 1992",0,4.25
"152","bk","no",35,0.27,16,13,"free meals","New Jersey",50,1,0,"February 1992",70,4.5
"153","bk","no",0,0.25,17,13,"both free and reduced price meals","New Jersey",20.5,1,0,"February 1992",0,4.75
"154","kfc","no",3,0.25,11,4,"reduced price meals","New Jersey",13.5,1,0,"February 1992",22.2222222222222,4.25
"155","roys","yes",8,0.2,17,26,"reduced price meals","New Jersey",28,1,0,"February 1992",28.5714285714286,4.25
"156","roys","yes",6,0.15,17,26,"reduced price meals","New Jersey",21.5,1,0,"February 1992",27.906976744186,4.5
"157","bk","no",4,0.15,16,26,"reduced price meals","New Jersey",24,1,0,"February 1992",16.6666666666667,4.5
"158","bk","no",11,0.25,15,13,"both free and reduced price meals","New Jersey",20.5,1,0,"February 1992",53.6585365853659,4.25
"159","bk","yes",8,0.15,17,8,"reduced price meals","New Jersey",23,1,0,"February 1992",34.7826086956522,4.25
"160","bk","yes",4,0.75,15,13,"reduced price meals","New Jersey",17,1,0,"February 1992",23.5294117647059,4.25
"161","bk","yes",2.5,0.15,16,52,"reduced price meals","New Jersey",20.5,1,0,"February 1992",12.1951219512195,4.25
"162","kfc","no",18,0.27,10,26,"free meals","New Jersey",23.5,1,0,"February 1992",76.5957446808511,4.25
"163","kfc","no",0,0.12,10,26,"reduced price meals","New Jersey",9.5,1,0,"February 1992",0,4.25
"164","kfc","no",0,0.25,10,13,"reduced price meals","New Jersey",10,1,0,"February 1992",0,4.25
"165","kfc","no",0,0.4,10,13,"both free and reduced price meals","New Jersey",14,1,0,"February 1992",0,4.25
"166","roys","yes",60,0.15,24,26,"reduced price meals","New Jersey",85,1,0,"February 1992",70.5882352941177,4.75
"167","roys","no",4.5,0.15,15,26,"reduced price meals","New Jersey",15,1,0,"February 1992",30,4.75
"168","roys","no",12,0.2,16,52,"reduced price meals","New Jersey",21.5,1,0,"February 1992",55.8139534883721,4.4
"169","wendys","no",40,0.32,11.5,4,"reduced price meals","New Jersey",53,1,0,"February 1992",75.4716981132076,4.62
"170","bk","no",0,0.27,16,26,"both free and reduced price meals","New Jersey",20.5,1,0,"February 1992",0,4.25
"171","bk","yes",6,0.32,14.5,8,"free meals","New Jersey",14.5,1,0,"February 1992",41.3793103448276,4.25
"172","bk","no",13.5,0.37,17,26,"free meals","New Jersey",25,1,0,"February 1992",54,4.25
"173","roys","no",17,0.42,16,2,"both free and reduced price meals","New Jersey",27,1,0,"February 1992",62.962962962963,4.25
"174","bk","no",0,0.57,16,26,"reduced price meals","New Jersey",22.5,1,0,"February 1992",0,4.75
"175","bk","no",20,0.3,17,4,"free meals","New Jersey",36.5,1,0,"February 1992",54.7945205479452,4.75
"176","bk","no",4,0.37,13,18,"reduced price meals","New Jersey",17.25,1,0,"February 1992",23.1884057971014,4.25
"177","bk","no",10,0.15,15,26,"reduced price meals","New Jersey",21.5,1,0,"February 1992",46.5116279069767,4.25
"178","bk","no",12,0.27,16.5,13,"both free and reduced price meals","New Jersey",24.5,1,0,"February 1992",48.9795918367347,4.75
"179","bk","no",1,0.2,12.5,4,"free meals","New Jersey",25,1,0,"February 1992",4,4.25
"180","bk","no",8,0.25,15,13,"reduced price meals","New Jersey",16,1,0,"February 1992",50,4.25
"181","kfc","no",15,0.25,12.5,26,"free meals","New Jersey",19,1,0,"February 1992",78.9473684210526,4.5
"182","roys","yes",7,0.3,18,19,"reduced price meals","New Jersey",22.75,1,0,"February 1992",30.7692307692308,4.5
"183","roys","yes",20,0.25,24,26,"reduced price meals","New Jersey",35,1,0,"February 1992",57.1428571428571,4.5
"184","roys","yes",14.5,0.27,17,21,"reduced price meals","New Jersey",26.75,1,0,"February 1992",54.2056074766355,4.25
"185","roys","yes",15,0.15,16,26,"reduced price meals","New Jersey",30.5,1,0,"February 1992",49.1803278688525,4.25
"186","wendys","no",0,0.37,11.5,26,"reduced price meals","New Jersey",23,1,0,"February 1992",0,4.5
"187","wendys","no",10,0.27,12.5,13,"reduced price meals","New Jersey",21.5,1,0,"February 1992",46.5116279069767,4.75
"188","wendys","no",15,0.15,11.5,26,"reduced price meals","New Jersey",36.5,1,0,"February 1992",41.0958904109589,4.25
"189","bk","no",8,0.25,16,26,"reduced price meals","New Jersey",23,1,0,"February 1992",34.7826086956522,4.8
"190","bk","no",0,0.27,16,26,"both free and reduced price meals","New Jersey",14,1,0,"February 1992",0,4.5
"191","bk","no",0,0.27,16,26,"reduced price meals","New Jersey",17.25,1,0,"February 1992",0,4.67
"192","bk","no",8,0.25,15,6,"free meals","New Jersey",18.5,1,0,"February 1992",43.2432432432432,4.87
"193","kfc","no",2,0.12,10,4,"free meals","New Jersey",8.5,1,0,"February 1992",23.5294117647059,4.5
"194","kfc","no",6,0.12,10.5,4,"free meals","New Jersey",14,1,0,"February 1992",42.8571428571429,4.5
"195","roys","yes",0,0.17,16.5,26,"reduced price meals","New Jersey",23,1,0,"February 1992",0,4.75
"196","wendys","no",8,0.25,11.5,26,"reduced price meals","New Jersey",29,1,0,"February 1992",27.5862068965517,4.75
"197","bk","no",5,0.25,15,4,"free meals","New Jersey",19,1,0,"February 1992",26.3157894736842,4.25
"198","bk","yes",2,0.25,16,8,"reduced price meals","New Jersey",21,1,0,"February 1992",9.52380952380952,4.25
"199","bk","no",0,0.25,12.5,13,"free meals","New Jersey",17,1,0,"February 1992",0,4.75
"200","bk","no",6,0.15,17.5,26,"reduced price meals","New Jersey",36,1,0,"February 1992",16.6666666666667,4.85
"201","bk","no",11,0.15,16,26,"reduced price meals","New Jersey",25,1,0,"February 1992",44,4.75
"202","bk","no",15,0.12,16,13,"free meals","New Jersey",29.5,1,0,"February 1992",50.8474576271186,4.62
"203","kfc","yes",13,0.2,10,52,"free meals","New Jersey",22,1,0,"February 1992",59.0909090909091,4.25
"204","kfc","no",2,0.25,10.5,13,"free meals","New Jersey",11,1,0,"February 1992",18.1818181818182,4.25
"205","kfc","no",8,0.25,11,26,"reduced price meals","New Jersey",13.5,1,0,"February 1992",59.2592592592593,4.5
"206","kfc","no",3,0.25,11,4,"reduced price meals","New Jersey",13.5,1,0,"February 1992",22.2222222222222,4.5
"207","kfc","no",12,0.33,11,20,"both free and reduced price meals","New Jersey",18,1,0,"February 1992",66.6666666666667,4.62
"208","kfc","no",2,0.2,10.5,13,"reduced price meals","New Jersey",9.5,1,0,"February 1992",21.0526315789474,4.5
"209","roys","no",10,0.15,16,26,"reduced price meals","New Jersey",24,1,0,"February 1992",41.6666666666667,4.75
"210","roys","no",4,0.2,15,39,"reduced price meals","New Jersey",14.5,1,0,"February 1992",27.5862068965517,4.75
"211","wendys","no",20,0.17,12,26,"reduced price meals","New Jersey",29,1,0,"February 1992",68.9655172413793,4.87
"212","wendys","no",1,0.12,11,13,"reduced price meals","New Jersey",10.5,1,0,"February 1992",9.52380952380952,4.5
"213","bk","no",0,0.2,18,9,"reduced price meals","New Jersey",33,1,0,"February 1992",0,4.25
"214","bk","no",0,0.35,17,26,"reduced price meals","New Jersey",19.5,1,0,"February 1992",0,4.5
"215","bk","no",30,0.37,19,4,"reduced price meals","New Jersey",41,1,0,"February 1992",73.1707317073171,4.25
"216","bk","no",9,0.15,17,26,"reduced price meals","New Jersey",17,1,0,"February 1992",52.9411764705882,4.25
"217","bk","no",10,0.27,17.5,13,"reduced price meals","New Jersey",18.25,1,0,"February 1992",54.7945205479452,4.25
"218","kfc","yes",8,0.25,12,8,"free meals","New Jersey",17,1,0,"February 1992",47.0588235294118,4.75
"219","roys","yes",12,0.15,17,26,"reduced price meals","New Jersey",32,1,0,"February 1992",37.5,4.62
"220","roys","yes",4,0.12,18,26,"reduced price meals","New Jersey",26,1,0,"February 1992",15.3846153846154,4.25
"221","wendys","yes",0,0.17,11.5,13,"reduced price meals","New Jersey",11.5,1,0,"February 1992",0,4.5
"222","bk","no",11,0.17,16,13,"free meals","New Jersey",22.75,1,0,"February 1992",48.3516483516484,4.5
"223","bk","yes",4.5,0.15,17.5,4,"reduced price meals","New Jersey",18.5,1,0,"February 1992",24.3243243243243,4.55
"224","bk","no",2,0.25,16,6.5,"reduced price meals","New Jersey",20,1,0,"February 1992",10,4.62
"225","bk","no",10,0.2,16,13,"reduced price meals","New Jersey",18,1,0,"February 1992",55.5555555555556,4.5
"226","kfc","no",2,0.15,10.5,13,"free meals","New Jersey",10.5,1,0,"February 1992",19.047619047619,4.25
"227","kfc","yes",2,0.17,10,13,"free meals","New Jersey",10.5,1,0,"February 1992",19.047619047619,4.25
"228","kfc","yes",7,0.25,10,26,"free meals","New Jersey",11,1,0,"February 1992",63.6363636363636,4.35
"229","kfc","yes",3,0.12,10,19,"reduced price meals","New Jersey",10.5,1,0,"February 1992",28.5714285714286,4.25
"230","kfc","no",3,0.25,10,13,"reduced price meals","New Jersey",12.5,1,0,"February 1992",24,4.25
"231","kfc","no",1,0.25,11,13,"free meals","New Jersey",18,1,0,"February 1992",5.55555555555556,4.6
"232","roys","yes",2,0.25,12.5,13,"reduced price meals","New Jersey",17,1,0,"February 1992",11.7647058823529,4.25
"233","roys","yes",3,0.25,16,13,"reduced price meals","New Jersey",15,1,0,"February 1992",20,4.75
"234","roys","yes",3,0.2,17,13,"reduced price meals","New Jersey",19.5,1,0,"February 1992",15.3846153846154,4.75
"235","wendys","no",0,0.25,11.5,13,"free meals","New Jersey",13,1,0,"February 1992",0,4.25
"236","wendys","no",3,0.2,12.5,13,"both free and reduced price meals","New Jersey",20.25,1,0,"February 1992",14.8148148148148,4.5
"237","bk","no",3,0.1,13.5,26,"reduced price meals","New Jersey",26,1,0,"February 1992",11.5384615384615,4.5
"238","bk","no",0,0.1,17,26,"free meals","New Jersey",15.5,1,0,"February 1992",0,4.25
"239","bk","no",18,0.12,16,26,"both free and reduced price meals","New Jersey",24,1,0,"February 1992",75,4.75
"240","bk","no",19,0.32,16,13,"reduced price meals","New Jersey",25.5,1,0,"February 1992",74.5098039215686,4.65
"241","bk","no",5,0.21,16,26,"reduced price meals","New Jersey",14.5,1,0,"February 1992",34.4827586206897,4.25
"242","bk","no",12,0.25,16,13,"reduced price meals","New Jersey",21.5,1,0,"February 1992",55.8139534883721,4.25
"243","kfc","yes",0,0.12,12,9,"free meals","New Jersey",14,1,0,"February 1992",0,4.75
"244","kfc","no",15,0.25,13.5,13,"free meals","New Jersey",20,1,0,"February 1992",75,4.25
"245","roys","yes",7,0.25,16.5,8,"reduced price meals","New Jersey",22.5,1,0,"February 1992",31.1111111111111,4.5
"246","roys","yes",12,0.25,18,4,"reduced price meals","New Jersey",30,1,0,"February 1992",40,4.25
"247","wendys","no",0,0.1,15.5,13,"reduced price meals","New Jersey",24,1,0,"February 1992",0,4.5
"248","wendys","no",8,0.37,16,13,"reduced price meals","New Jersey",22,1,0,"February 1992",36.3636363636364,4.75
"249","bk","no",6,0.25,15,4,"free meals","New Jersey",13,1,0,"February 1992",46.1538461538462,4.37
"250","kfc","yes",1,0.3,10,13,"free meals","New Jersey",5,1,0,"February 1992",20,4.5
"251","bk","no",20,0.2,16,39,"reduced price meals","New Jersey",28,1,0,"February 1992",71.4285714285714,4.25
"252","bk","no",4,0.15,16,8,"reduced price meals","New Jersey",18,1,0,"February 1992",22.2222222222222,4.25
"253","bk","yes",10,0.17,16,4,"reduced price meals","New Jersey",24,1,0,"February 1992",41.6666666666667,4.25
"254","bk","no",7,0.25,16.5,13,"reduced price meals","New Jersey",16.5,1,0,"February 1992",42.4242424242424,4.25
"255","bk","no",0,0.25,15,13,"both free and reduced price meals","New Jersey",7,1,0,"February 1992",0,4.25
"256","bk","no",0,0.15,16,26,"reduced price meals","New Jersey",11,1,0,"February 1992",0,4.25
"257","bk","no",6.5,0.22,16,26,"reduced price meals","New Jersey",19.5,1,0,"February 1992",33.3333333333333,4.25
"258","kfc","yes",2,0.12,10,13,"reduced price meals","New Jersey",10,1,0,"February 1992",20,4.45
"259","kfc","yes",2,0.2,10,13,"free meals","New Jersey",13,1,0,"February 1992",15.3846153846154,4.62
"260","kfc","yes",4,0.25,11,9,"reduced price meals","New Jersey",10,1,0,"February 1992",40,4.25
"261","kfc","yes",2,0.25,10,9,"both free and reduced price meals","New Jersey",12.5,1,0,"February 1992",16,4.25
"262","kfc","yes",3,0.25,10,3,"reduced price meals","New Jersey",8,1,0,"February 1992",37.5,4.25
"263","roys","yes",2,0.13,16,13,"reduced price meals","New Jersey",12,1,0,"February 1992",16.6666666666667,4.25
"264","roys","yes",5,0.25,16,13,"reduced price meals","New Jersey",20.5,1,0,"February 1992",24.390243902439,4.5
"265","roys","yes",3,0.25,16,4,"reduced price meals","New Jersey",18.5,1,0,"February 1992",16.2162162162162,4.75
"266","roys","yes",1,0.25,11.5,13,"reduced price meals","New Jersey",11.5,1,0,"February 1992",8.69565217391304,4.75
"267","roys","yes",3,0.17,16,13,"reduced price meals","New Jersey",15,1,0,"February 1992",20,4.5
"268","roys","yes",2,0.2,16,13,"reduced price meals","New Jersey",10,1,0,"February 1992",20,4.25
"269","wendys","no",8,0.1,12.5,26,"both free and reduced price meals","New Jersey",17,1,0,"February 1992",47.0588235294118,4.75
"270","wendys","no",4,0.12,11.5,16,"free meals","New Jersey",17,1,0,"February 1992",23.5294117647059,4.55
"271","wendys","no",10,0.12,16,26,"free meals","New Jersey",20.5,1,0,"February 1992",48.780487804878,4.8
"272","bk","no",8,0.12,16.5,26,"reduced price meals","New Jersey",15.5,1,0,"February 1992",51.6129032258064,4.75
"273","bk","yes",9,0.05,16,13,"reduced price meals","New Jersey",19.5,1,0,"February 1992",46.1538461538462,4.25
"274","roys","yes",10,0.27,17,26,"reduced price meals","New Jersey",30.5,1,0,"February 1992",32.7868852459016,4.35
"275","roys","no",10,0.37,17,26,"reduced price meals","New Jersey",23,1,0,"February 1992",43.4782608695652,4.5
"276","roys","yes",17.5,0.5,18,15,"reduced price meals","New Jersey",30.25,1,0,"February 1992",57.8512396694215,4.25
"277","wendys","no",0,0.25,11.5,13,"reduced price meals","New Jersey",18,1,0,"February 1992",0,4.25
"278","bk","no",4,0.22,11,10,"free meals","New Jersey",10,1,0,"February 1992",40,4.25
"279","bk","no",11,0.25,15,4,"free meals","New Jersey",19.5,1,0,"February 1992",56.4102564102564,4.5
"280","bk","no",8,0.25,15,4,"free meals","New Jersey",17,1,0,"February 1992",47.0588235294118,4.62
"281","bk","yes",15,0.25,16,8,"reduced price meals","New Jersey",25.5,1,0,"February 1992",58.8235294117647,4.62
"282","bk","no",0,0.17,12,13,"free meals","New Jersey",6,1,0,"February 1992",0,4.25
"283","kfc","no",5,0.25,12,13,"reduced price meals","New Jersey",11.5,1,0,"February 1992",43.4782608695652,4.75
"284","kfc","no",0,0.12,12.5,2.5,"reduced price meals","New Jersey",8.5,1,0,"February 1992",0,4.62
"285","roys","yes",8,0.15,16,13,"reduced price meals","New Jersey",18.5,1,0,"February 1992",43.2432432432432,4.75
"286","roys","yes",4,0.25,15,10,"reduced price meals","New Jersey",15.5,1,0,"February 1992",25.8064516129032,4.5
"287","bk","no",2,0.2,15,13,"reduced price meals","New Jersey",14.25,1,0,"February 1992",14.0350877192982,4.25
"288","bk","no",28,0.2,15,4,"reduced price meals","New Jersey",38,1,0,"February 1992",73.6842105263158,4.5
"289","bk","yes",18,0.37,16,26,"both free and reduced price meals","New Jersey",23,1,0,"February 1992",78.2608695652174,4.25
"290","bk","no",6,0.1,14.5,26,"reduced price meals","New Jersey",24,1,0,"February 1992",25,4.25
"291","kfc","yes",2,0.25,9.5,4,"free meals","New Jersey",7.5,1,0,"February 1992",26.6666666666667,4.62
"292","kfc","yes",10,0.25,10.5,26,"reduced price meals","New Jersey",15,1,0,"February 1992",66.6666666666667,4.75
"293","kfc","yes",2,0.2,10,19,"reduced price meals","New Jersey",9.25,1,0,"February 1992",21.6216216216216,4.25
"294","roys","yes",3,0.2,10.5,13,"reduced price meals","New Jersey",11.25,1,0,"February 1992",26.6666666666667,4.25
"295","roys","yes",8,0.37,16,13,"reduced price meals","New Jersey",16.5,1,0,"February 1992",48.4848484848485,4.75
"296","roys","yes",0,0.25,11.5,8,"reduced price meals","New Jersey",13.5,1,0,"February 1992",0,4.75
"297","roys","yes",7.5,0.22,16,13,"reduced price meals","New Jersey",21.75,1,0,"February 1992",34.4827586206897,4.37
"298","wendys","no",2,0.15,11.5,26,"free meals","New Jersey",13.5,1,0,"February 1992",14.8148148148148,4.87
"299","bk","yes",0,0.17,15,26,"reduced price meals","New Jersey",15,1,0,"February 1992",0,4.25
"300","bk","no",3,0.15,15,13,"reduced price meals","New Jersey",17.5,1,0,"February 1992",17.1428571428571,4.25
"301","bk","no",6,0.22,16,26,"reduced price meals","New Jersey",17.5,1,0,"February 1992",34.2857142857143,4.25
"302","kfc","no",0,0.18,12.5,18,"reduced price meals","New Jersey",15.5,1,0,"February 1992",0,4.25
"303","kfc","no",3.5,0.12,12,13,"reduced price meals","New Jersey",16.5,1,0,"February 1992",21.2121212121212,4.25
"304","roys","no",2,0.25,11.5,13,"reduced price meals","New Jersey",13.5,1,0,"February 1992",14.8148148148148,4.5
"305","wendys","no",0,0.15,12.5,13,"both free and reduced price meals","New Jersey",13,1,0,"February 1992",0,4.25
"306","bk","yes",0,0.12,15,18,"reduced price meals","New Jersey",11.5,1,0,"February 1992",0,4.35
"307","bk","no",20,0.25,16,18,"both free and reduced price meals","New Jersey",29.05,1,0,"February 1992",68.8468158347676,4.85
"308","bk","no",4,0.1,14,13,"reduced price meals","New Jersey",13,1,0,"February 1992",30.7692307692308,4.5
"309","bk","no",12,0.15,14,26,"reduced price meals","New Jersey",18,1,0,"February 1992",66.6666666666667,4.25
"310","bk","no",20,0.17,16,26,"both free and reduced price meals","New Jersey",30,1,0,"February 1992",66.6666666666667,4.62
"311","bk","no",10,0.2,16,52,"both free and reduced price meals","New Jersey",20.5,1,0,"February 1992",48.780487804878,4.5
"312","bk","no",6,0.25,16,26,"free meals","New Jersey",10,1,0,"February 1992",60,4.5
"313","bk","no",0,0.25,17,39,"free meals","New Jersey",12.5,1,0,"February 1992",0,4.25
"314","kfc","no",15,0.12,10,6,"reduced price meals","New Jersey",19.5,1,0,"February 1992",76.9230769230769,4.25
"315","kfc","yes",4,0.25,11,2,"reduced price meals","New Jersey",12,1,0,"February 1992",33.3333333333333,4.62
"316","roys","yes",24,0.37,17,9,"reduced price meals","New Jersey",36,1,0,"February 1992",66.6666666666667,4.87
"317","roys","yes",4,0.62,17,52,"reduced price meals","New Jersey",21,1,0,"February 1992",19.047619047619,4.25
"318","roys","yes",14,0.15,17,13,"reduced price meals","New Jersey",24.5,1,0,"February 1992",57.1428571428571,4.75
"319","roys","yes",13,0.3,17,18,"reduced price meals","New Jersey",20,1,0,"February 1992",65,4.87
"320","roys","yes",16,0.5,17,39,"both free and reduced price meals","New Jersey",26.5,1,0,"February 1992",60.377358490566,4.5
"321","roys","no",8,0.17,16,13,"reduced price meals","New Jersey",15,1,0,"February 1992",53.3333333333333,4.25
"322","roys","yes",11,0.25,16,26,"reduced price meals","New Jersey",19,1,0,"February 1992",57.8947368421053,4.75
"323","roys","yes",6,0.12,17,26,"reduced price meals","New Jersey",17.5,1,0,"February 1992",34.2857142857143,4.32
"324","bk","no",0,0.1,16,26,"both free and reduced price meals","New Jersey",20.5,1,0,"February 1992",0,4.25
"325","bk","no",0,0.1,16,26,"reduced price meals","New Jersey",21,1,0,"February 1992",0,4.5
"326","bk","no",0,0.5,17,9,"free meals","New Jersey",23,1,0,"February 1992",0,4.25
"327","bk","yes",4,0.2,16,13,"reduced price meals","New Jersey",21,1,0,"February 1992",19.047619047619,4.25
"328","bk","no",30,0.1,15,26,"reduced price meals","New Jersey",41.5,1,0,"February 1992",72.289156626506,4.25
"329","kfc","yes",20,0.37,13,4,"reduced price meals","New Jersey",33,1,0,"February 1992",60.6060606060606,4.62
"330","kfc","yes",2,0.5,12,13,"free meals","New Jersey",9,1,0,"February 1992",22.2222222222222,4.95
"331","kfc","yes",3.5,0.25,11,13,"free meals","New Jersey",9.75,1,0,"February 1992",35.8974358974359,4.75
"332","roys","yes",3,0.15,19,26,"reduced price meals","New Jersey",24.5,1,0,"February 1992",12.2448979591837,4.25
"333","wendys","no",7,0.1,12.5,13,"reduced price meals","New Jersey",14,1,0,"February 1992",50,4.75
"334","wendys","no",0,0.12,12.5,13,"reduced price meals","New Jersey",19.5,1,0,"February 1992",0,4.62
"335","bk","no",3.5,0.08,16.5,26,"reduced price meals","Pennsylvania",24,0,1,"November 1992",14.5833333333333,4.3
"336","kfc","no",0,0.05,13,13,"reduced price meals","Pennsylvania",11.5,0,1,"November 1992",0,4.45
"337","kfc","yes",3,0.25,11,19,"free meals","Pennsylvania",10.5,0,1,"November 1992",28.5714285714286,5
"338","wendys","yes",0,0.15,12,26,"reduced price meals","Pennsylvania",20,0,1,"November 1992",0,5.25
"339","wendys","yes",28,0.15,12,13,"reduced price meals","Pennsylvania",35.5,0,1,"November 1992",78.8732394366197,4.75
"340","bk","no",15,0.15,18,26,"reduced price meals","Pennsylvania",29,0,1,"November 1992",51.7241379310345,4.75
"341","bk","no",26,0.2,24,26,"reduced price meals","Pennsylvania",36.5,0,1,"November 1992",71.2328767123288,5
"342","kfc","yes",3,0.25,11,13,"reduced price meals","Pennsylvania",11,0,1,"November 1992",27.2727272727273,5
"343","kfc","yes",2,0.25,10.5,13,"free meals","Pennsylvania",8.5,0,1,"November 1992",23.5294117647059,5
"344","roys","yes",1,0.2,12,13,"reduced price meals","Pennsylvania",17.5,0,1,"November 1992",5.71428571428571,4.75
"345","bk","no",9,0.13,18,26,"reduced price meals","Pennsylvania",29,0,1,"November 1992",31.0344827586207,5
"346","bk","no",7,0.23,18,41,"reduced price meals","Pennsylvania",30.5,0,1,"November 1992",22.9508196721311,4.5
"347","bk","no",18,0.15,18,13,"reduced price meals","Pennsylvania",26,0,1,"November 1992",69.2307692307692,4.75
"348","kfc","yes",15,0.25,11,26,"reduced price meals","Pennsylvania",20,0,1,"November 1992",75,5
"349","kfc","yes",4,0.18,11,13,"free meals","Pennsylvania",13.5,0,1,"November 1992",29.6296296296296,4.75
"350","roys","yes",6,0.1,11,26,"reduced price meals","Pennsylvania",19,0,1,"November 1992",31.5789473684211,4.75
"351","roys","no",5,0.13,15,26,"reduced price meals","Pennsylvania",15.5,0,1,"November 1992",32.258064516129,4.75
"352","roys","no",2,0.13,11.5,26,"reduced price meals","Pennsylvania",14.5,0,1,"November 1992",13.7931034482759,4.25
"353","roys","yes",2,0.28,16,26,"reduced price meals","Pennsylvania",14,0,1,"November 1992",14.2857142857143,5
"354","roys","yes",0,0.25,16,13,"reduced price meals","Pennsylvania",19,0,1,"November 1992",0,4.9
"355","roys","no",8,0.25,16,26,"reduced price meals","Pennsylvania",21,0,1,"November 1992",38.0952380952381,5
"356","roys","yes",10,0.18,16,19,"reduced price meals","Pennsylvania",18,0,1,"November 1992",55.5555555555556,4.75
"357","wendys","yes",0,0.1,12,26,"reduced price meals","Pennsylvania",20.5,0,1,"November 1992",0,5
"358","roys","yes",5.5,0.2,15.5,26,"reduced price meals","Pennsylvania",13.5,0,1,"November 1992",40.7407407407407,4.25
"359","roys","yes",5,0.18,16,13,"reduced price meals","Pennsylvania",17.5,0,1,"November 1992",28.5714285714286,4.75
"360","bk","no",6,0.18,16.5,52,"reduced price meals","Pennsylvania",25.5,0,1,"November 1992",23.5294117647059,4.25
"361","bk","no",7,0.13,17.5,8,"reduced price meals","Pennsylvania",25.5,0,1,"November 1992",27.4509803921569,4.25
"362","bk","no",0,0.25,16.5,26,"reduced price meals","Pennsylvania",16,0,1,"November 1992",0,4.25
"363","bk","no",11,0.15,17.5,26,"both free and reduced price meals","Pennsylvania",19,0,1,"November 1992",57.8947368421053,4.25
"364","bk","no",7.5,0.25,14,13,"both free and reduced price meals","Pennsylvania",25,0,1,"November 1992",30,4.38
"365","kfc","no",4,0.1,13,13,"reduced price meals","Pennsylvania",17,0,1,"November 1992",23.5294117647059,4.75
"366","wendys","yes",7,0.13,12,26,"reduced price meals","Pennsylvania",20,0,1,"November 1992",35,4.5
"367","wendys","yes",0,0.08,12,26,"reduced price meals","Pennsylvania",18,0,1,"November 1992",0,4.5
"368","wendys","no",0,0.1,10.5,26,"free meals","Pennsylvania",12,0,1,"November 1992",0,4.25
"369","wendys","no",10,0.25,12,4,"free meals","Pennsylvania",25,0,1,"November 1992",40,4.25
"370","kfc","yes",1,0.3,11,4,"free meals","Pennsylvania",11,0,1,"November 1992",9.09090909090909,4.25
"371","bk","no",0,0.13,16,26,"reduced price meals","Pennsylvania",27,0,1,"November 1992",0,4.25
"372","bk","no",25,0.2,16,26,"reduced price meals","Pennsylvania",34,0,1,"November 1992",73.5294117647059,5.05
"373","bk","no",0,0.15,15.5,6,"reduced price meals","Pennsylvania",21,0,1,"November 1992",0,4.25
"374","kfc","no",2,0.05,9,52,"reduced price meals","Pennsylvania",9.5,0,1,"November 1992",21.0526315789474,4.25
"375","wendys","no",0,0.25,11.5,4,"reduced price meals","Pennsylvania",18,0,1,"November 1992",0,4.25
"376","wendys","no",5,0.18,11.5,17,"reduced price meals","Pennsylvania",19,0,1,"November 1992",26.3157894736842,4.35
"377","wendys","no",10,0.3,11.5,4,"reduced price meals","Pennsylvania",31.5,0,1,"November 1992",31.7460317460317,4.5
"378","bk","no",7,0.25,18,4,"reduced price meals","Pennsylvania",23,0,1,"November 1992",30.4347826086957,5
"379","bk","no",8,0.25,18,13,"reduced price meals","Pennsylvania",24.5,0,1,"November 1992",32.6530612244898,4.5
"380","bk","no",15,0.25,18,52,"reduced price meals","Pennsylvania",27.5,0,1,"November 1992",54.5454545454545,5
"381","bk","no",27.5,0.25,18,13,"reduced price meals","Pennsylvania",34.5,0,1,"November 1992",79.7101449275362,4.75
"382","kfc","yes",0,0.25,11,13,"free meals","Pennsylvania",14,0,1,"November 1992",0,5
"383","roys","yes",0,0.15,15,28,"reduced price meals","Pennsylvania",15,0,1,"November 1992",0,4.35
"384","bk","no",12,0.15,18,26,"reduced price meals","Pennsylvania",26.5,0,1,"November 1992",45.2830188679245,4.25
"385","bk","no",8,0.18,17,13,"reduced price meals","Pennsylvania",23.5,0,1,"November 1992",34.0425531914894,4.9
"386","bk","no",26,0.13,17,19,"reduced price meals","Pennsylvania",35.5,0,1,"November 1992",73.2394366197183,4.5
"387","bk","no",10,0.15,15,26,"free meals","Pennsylvania",21,0,1,"November 1992",47.6190476190476,4.5
"388","bk","no",5,0.2,18,52,"reduced price meals","Pennsylvania",23,0,1,"November 1992",21.7391304347826,4.75
"389","bk","no",6,0.5,17,26,"reduced price meals","Pennsylvania",20,0,1,"November 1992",30,6.25
"390","bk","no",8,0.25,18,13,"reduced price meals","Pennsylvania",27,0,1,"November 1992",29.6296296296296,4.35
"391","roys","yes",4,0.1,12.5,19,"reduced price meals","Pennsylvania",13.5,0,1,"November 1992",29.6296296296296,4.5
"392","bk","no",30,0.35,18,4,"free meals","Pennsylvania",43.5,0,1,"November 1992",68.9655172413793,4.75
"393","bk","no",35,0.15,18,13,"reduced price meals","Pennsylvania",41.25,0,1,"November 1992",84.8484848484848,4.5
"394","roys","no",23,0.2,16,10,"reduced price meals","Pennsylvania",34,0,1,"November 1992",67.6470588235294,4.25
"395","roys","yes",2,0.18,14,14,"reduced price meals","Pennsylvania",10,0,1,"November 1992",20,4.91
"396","bk","no",0,0.13,16,13,"reduced price meals","Pennsylvania",14,0,1,"November 1992",0,4.4
"397","bk","no",3,0.15,16,26,"both free and reduced price meals","Pennsylvania",17.5,0,1,"November 1992",17.1428571428571,4.25
"398","bk","no",2,0.28,16,26,"reduced price meals","New Jersey",27,1,1,"November 1992",7.40740740740741,5.05
"399","bk","no",5,0.15,14,26,"both free and reduced price meals","New Jersey",21.5,1,1,"November 1992",23.2558139534884,5.05
"400","roys","yes",2,0.2,11.5,26,"reduced price meals","New Jersey",21.5,1,1,"November 1992",9.30232558139535,5.05
"401","bk","no",26.5,0.15,17,26,"reduced price meals","New Jersey",34.5,1,1,"November 1992",76.8115942028985,5.05
"402","wendys","no",0,0.25,12,6,"reduced price meals","New Jersey",16.5,1,1,"November 1992",0,5.05
"403","bk","no",16,0.25,16,4,"free meals","New Jersey",23,1,1,"November 1992",69.5652173913043,5.05
"404","bk","no",23,0.28,18,8,"free meals","New Jersey",38,1,1,"November 1992",60.5263157894737,5.05
"405","wendys","no",28,0.2,15,8,"free meals","New Jersey",36,1,1,"November 1992",77.7777777777778,5.25
"406","bk","no",0,0.2,16,26,"reduced price meals","New Jersey",20.5,1,1,"November 1992",0,5.05
"407","roys","yes",6,0.23,18,26,"reduced price meals","New Jersey",19,1,1,"November 1992",31.5789473684211,5.05
"408","bk","no",4.5,0.08,16,8,"reduced price meals","New Jersey",16.5,1,1,"November 1992",27.2727272727273,5.05
"409","bk","yes",7,0.13,17,26,"free meals","New Jersey",16.5,1,1,"November 1992",42.4242424242424,5.05
"410","bk","yes",30,0.08,18.5,8,"reduced price meals","New Jersey",45,1,1,"November 1992",66.6666666666667,5.05
"411","roys","yes",5,0.15,8,13,"free meals","New Jersey",8,1,1,"November 1992",62.5,5.05
"412","kfc","no",4,0.25,11,13,"reduced price meals","New Jersey",15.5,1,1,"November 1992",25.8064516129032,5.05
"413","kfc","yes",0,0.25,10,26,"free meals","New Jersey",7.5,1,1,"November 1992",0,5.05
"414","kfc","no",4,0.25,10,19,"free meals","New Jersey",7.5,1,1,"November 1992",53.3333333333333,5.05
"415","kfc","no",6,0.25,12.5,26,"free meals","New Jersey",18.5,1,1,"November 1992",32.4324324324324,5.05
"416","wendys","no",10,0.15,12.5,26,"reduced price meals","New Jersey",33.5,1,1,"November 1992",29.8507462686567,5.05
"417","roys","no",4,0.15,19,52,"reduced price meals","New Jersey",37,1,1,"November 1992",10.8108108108108,5.05
"418","roys","yes",10,0.1,16,26,"reduced price meals","New Jersey",18,1,1,"November 1992",55.5555555555556,5.05
"419","wendys","no",25,0.18,13.5,13,"reduced price meals","New Jersey",33,1,1,"November 1992",75.7575757575758,5.05
"420","bk","no",0,0.18,12.5,26,"free meals","New Jersey",20.5,1,1,"November 1992",0,5.05
"421","bk","yes",6,0.63,16,4,"reduced price meals","New Jersey",24.5,1,1,"November 1992",24.4897959183673,5.5
"422","kfc","no",2,0.25,10,52,"free meals","New Jersey",16,1,1,"November 1992",12.5,5.05
"423","wendys","no",5,0.18,12.5,28,"reduced price meals","New Jersey",23.5,1,1,"November 1992",21.2765957446809,5.05
"424","kfc","yes",3,0.25,11,26,"free meals","New Jersey",13,1,1,"November 1992",23.0769230769231,5.05
"425","roys","no",7,0.25,16,52,"reduced price meals","New Jersey",20,1,1,"November 1992",35,5.05
"426","wendys","no",11,0.25,12,19,"reduced price meals","New Jersey",28.5,1,1,"November 1992",38.5964912280702,5.5
"427","wendys","no",4,0.35,12.5,26,"reduced price meals","New Jersey",25.5,1,1,"November 1992",15.6862745098039,5.05
"428","bk","no",10,0.13,16,26,"reduced price meals","New Jersey",18,1,1,"November 1992",55.5555555555556,5.28
"429","bk","no",6,0.38,14,13,"reduced price meals","New Jersey",9,1,1,"November 1992",66.6666666666667,5.25
"430","bk","no",7.5,0.2,17,26,"reduced price meals","New Jersey",26.5,1,1,"November 1992",28.3018867924528,5.05
"431","bk","no",12,0.28,15,13,"reduced price meals","New Jersey",23.75,1,1,"November 1992",50.5263157894737,5.05
"432","kfc","no",12,0.25,11,26,"free meals","New Jersey",18,1,1,"November 1992",66.6666666666667,5.5
"433","roys","yes",1.5,0.15,15,26,"reduced price meals","New Jersey",21,1,1,"November 1992",7.14285714285714,5.05
"434","roys","yes",5,0.15,17,52,"reduced price meals","New Jersey",15.5,1,1,"November 1992",32.258064516129,5.05
"435","wendys","no",10,0.13,12.5,14,"reduced price meals","New Jersey",22.5,1,1,"November 1992",44.4444444444444,5.05
"436","bk","yes",20,0.15,16,52,"reduced price meals","New Jersey",27,1,1,"November 1992",74.0740740740741,5.05
"437","roys","no",5,0.2,15,13,"reduced price meals","New Jersey",16.75,1,1,"November 1992",29.8507462686567,5.05
"438","roys","yes",7,0.18,15,26,"reduced price meals","New Jersey",26,1,1,"November 1992",26.9230769230769,5.05
"439","wendys","yes",0,0.18,12.5,26,"reduced price meals","New Jersey",18,1,1,"November 1992",0,5.05
"440","bk","no",5,0.13,17,26,"both free and reduced price meals","New Jersey",20.5,1,1,"November 1992",24.390243902439,5.05
"441","roys","yes",15,0.15,17,26,"reduced price meals","New Jersey",25.5,1,1,"November 1992",58.8235294117647,5.05
"442","roys","yes",12,0.2,16,8,"reduced price meals","New Jersey",20,1,1,"November 1992",60,5.05
"443","bk","yes",0,0.25,15,26,"reduced price meals","New Jersey",23.25,1,1,"November 1992",0,5.05
"444","kfc","yes",0,0.1,12,8,"reduced price meals","New Jersey",10.5,1,1,"November 1992",0,5.05
"445","kfc","yes",2,0.2,12,26,"reduced price meals","New Jersey",12,1,1,"November 1992",16.6666666666667,5.25
"446","kfc","yes",3,0.2,11,26,"free meals","New Jersey",9.5,1,1,"November 1992",31.5789473684211,5.05
"447","kfc","yes",5,0.28,12,26,"both free and reduced price meals","New Jersey",15.5,1,1,"November 1992",32.258064516129,5.05
"448","kfc","yes",6,0.25,11.5,13,"free meals","New Jersey",14,1,1,"November 1992",42.8571428571429,5.05
"449","kfc","yes",2,0.5,10.5,4,"reduced price meals","New Jersey",6.5,1,1,"November 1992",30.7692307692308,5.05
"450","kfc","no",4,0.15,12,13,"free meals","New Jersey",11.5,1,1,"November 1992",34.7826086956522,5.05
"451","roys","no",22,0.25,24,52,"reduced price meals","New Jersey",46.5,1,1,"November 1992",47.3118279569892,5.05
"452","wendys","no",3,0.25,14.5,52,"free meals","New Jersey",16,1,1,"November 1992",18.75,5.67
"453","bk","no",0,0.18,12.5,26,"both free and reduced price meals","New Jersey",13,1,1,"November 1992",0,5.05
"454","roys","yes",0,0.18,15,4,"reduced price meals","New Jersey",14,1,1,"November 1992",0,5.05
"455","wendys","no",9,0.23,10.5,13,"free meals","New Jersey",15.5,1,1,"November 1992",58.0645161290323,5.05
"456","wendys","no",0,0.15,11.5,17,"free meals","New Jersey",18,1,1,"November 1992",0,5.05
"457","wendys","no",21,0.25,12.5,13,"free meals","New Jersey",27,1,1,"November 1992",77.7777777777778,5.25
"458","bk","yes",18,0.25,15.5,13,"reduced price meals","New Jersey",29.5,1,1,"November 1992",61.0169491525424,5.05
"459","bk","no",0,0.1,15,26,"free meals","New Jersey",16.5,1,1,"November 1992",0,5.5
"460","bk","yes",20,0.25,19,52,"reduced price meals","New Jersey",31.5,1,1,"November 1992",63.4920634920635,5.05
"461","bk","no",15,0.47,16.5,8,"reduced price meals","New Jersey",27.5,1,1,"November 1992",54.5454545454545,5.05
"462","wendys","yes",8,0.15,10.5,26,"reduced price meals","New Jersey",14.5,1,1,"November 1992",55.1724137931034,5.5
"463","bk","no",7.5,0.38,15,19,"free meals","New Jersey",15.5,1,1,"November 1992",48.3870967741936,5.25
"464","kfc","no",4,0.25,11,26,"free meals","New Jersey",10.5,1,1,"November 1992",38.0952380952381,5.05
"465","roys","no",5,0.28,13.5,26,"reduced price meals","New Jersey",24,1,1,"November 1992",20.8333333333333,5.05
"466","roys","no",10,0.18,17,4,"reduced price meals","New Jersey",29,1,1,"November 1992",34.4827586206897,5.15
"467","wendys","no",15,0.33,13,26,"reduced price meals","New Jersey",30.5,1,1,"November 1992",49.1803278688525,5.05
"468","bk","no",0,0.13,16,26,"reduced price meals","New Jersey",20,1,1,"November 1992",0,5.05
"469","bk","no",15,0.28,16,4,"reduced price meals","New Jersey",26.5,1,1,"November 1992",56.6037735849057,5.05
"470","bk","no",15,0.25,16,26,"both free and reduced price meals","New Jersey",26.5,1,1,"November 1992",56.6037735849057,5.05
"471","kfc","no",2,0.25,11,13,"free meals","New Jersey",10.5,1,1,"November 1992",19.047619047619,5
"472","roys","no",7,0.25,17,19,"reduced price meals","New Jersey",18.5,1,1,"November 1992",37.8378378378378,5.05
"473","roys","no",4,0.2,17,13,"reduced price meals","New Jersey",25.5,1,1,"November 1992",15.6862745098039,5.05
"474","bk","no",6,0.3,16,52,"reduced price meals","New Jersey",33,1,1,"November 1992",18.1818181818182,5.05
"475","roys","no",3,0.13,15,19,"reduced price meals","New Jersey",12.5,1,1,"November 1992",24,5.05
"476","kfc","no",0,0.25,11,26,"free meals","New Jersey",9.5,1,1,"November 1992",0,5.05
"477","roys","no",2,0.23,11.5,26,"reduced price meals","New Jersey",17.5,1,1,"November 1992",11.4285714285714,5.05
"478","roys","yes",11,0.5,11.5,26,"reduced price meals","New Jersey",17.5,1,1,"November 1992",62.8571428571429,5.05
"479","wendys","no",13,0.25,11.5,13,"reduced price meals","New Jersey",25,1,1,"November 1992",52,5.05
"480","bk","yes",15,0.1,18,26,"reduced price meals","New Jersey",24,1,1,"November 1992",62.5,5.05
"481","bk","no",13,0.25,16,26,"reduced price meals","New Jersey",22.5,1,1,"November 1992",57.7777777777778,5.05
"482","bk","no",26,0.25,17,26,"free meals","New Jersey",35,1,1,"November 1992",74.2857142857143,5.05
"483","bk","no",13,0.28,17,13,"both free and reduced price meals","New Jersey",24.5,1,1,"November 1992",53.0612244897959,5.05
"484","bk","no",0,0.2,18,13,"reduced price meals","New Jersey",16.5,1,1,"November 1992",0,5.05
"485","bk","no",10,0.23,16,4,"free meals","New Jersey",30,1,1,"November 1992",33.3333333333333,5.05
"486","bk","no",29,0.18,17,26,"both free and reduced price meals","New Jersey",39,1,1,"November 1992",74.3589743589744,5.05
"487","kfc","no",14,0.05,11,4,"reduced price meals","New Jersey",17,1,1,"November 1992",82.3529411764706,5.05
"488","kfc","no",4,0.25,11,6,"reduced price meals","New Jersey",12.5,1,1,"November 1992",32,5.05
"489","roys","yes",25,0.15,16.5,13,"reduced price meals","New Jersey",38.5,1,1,"November 1992",64.9350649350649,5.05
"490","roys","yes",8,0.13,16,41,"reduced price meals","New Jersey",20,1,1,"November 1992",40,5.05
"491","wendys","no",11,0.1,12.5,13,"reduced price meals","New Jersey",21,1,1,"November 1992",52.3809523809524,5.05
"492","bk","no",12,0.2,16,52,"reduced price meals","New Jersey",32,1,1,"November 1992",37.5,5.05
"493","bk","no",9,0.13,15,4,"both free and reduced price meals","New Jersey",19,1,1,"November 1992",47.3684210526316,5.05
"494","bk","no",0,0.18,15,41,"both free and reduced price meals","New Jersey",20,1,1,"November 1992",0,5.05
"495","bk","no",4,0.18,15,42,"reduced price meals","New Jersey",26.5,1,1,"November 1992",15.0943396226415,5.05
"496","bk","yes",0,0.18,17,26,"free meals","New Jersey",19,1,1,"November 1992",0,5.05
"497","bk","yes",5,0.15,16,13,"reduced price meals","New Jersey",22.5,1,1,"November 1992",22.2222222222222,5.05
"498","kfc","no",0,0.25,10,13,"free meals","New Jersey",10,1,1,"November 1992",0,5.05
"499","kfc","no",0,0.15,10.5,26,"reduced price meals","New Jersey",12.5,1,1,"November 1992",0,5.05
"500","kfc","no",2.5,0.3,10,13,"reduced price meals","New Jersey",11,1,1,"November 1992",22.7272727272727,5.05
"501","kfc","no",3,0.45,10,13,"free meals","New Jersey",12.5,1,1,"November 1992",24,5.05
"502","roys","yes",30,0.25,24,15,"reduced price meals","New Jersey",59,1,1,"November 1992",50.8474576271186,5.05
"503","roys","no",10,0.15,15,26,"reduced price meals","New Jersey",19,1,1,"November 1992",52.6315789473684,5.05
"504","roys","no",0,0.25,15,52,"reduced price meals","New Jersey",15.5,1,1,"November 1992",0,5.05
"505","wendys","no",11,0.08,12.5,26,"reduced price meals","New Jersey",19,1,1,"November 1992",57.8947368421053,5.05
"506","bk","no",0,0.25,16.5,13,"reduced price meals","New Jersey",26.5,1,1,"November 1992",0,5.05
"507","bk","no",2,0.2,16,26,"none","New Jersey",17.5,1,1,"November 1992",11.4285714285714,5.05
"508","bk","no",11,0.15,17,26,"free meals","New Jersey",28,1,1,"November 1992",39.2857142857143,5.05
"509","bk","no",20,0.25,16.5,26,"reduced price meals","New Jersey",44,1,1,"November 1992",45.4545454545455,5.25
"510","bk","no",22,0.45,13,13,"reduced price meals","New Jersey",31,1,1,"November 1992",70.9677419354839,5.05
"511","bk","no",18,0.38,15,26,"reduced price meals","New Jersey",31,1,1,"November 1992",58.0645161290323,5.05
"512","bk","no",10,0.1,12.5,26,"free meals","New Jersey",41,1,1,"November 1992",24.390243902439,5.05
"513","bk","no",21,0.5,15,13,"both free and reduced price meals","New Jersey",28,1,1,"November 1992",75,5.05
"514","kfc","no",0,0.4,12,52,"free meals","New Jersey",9.5,1,1,"November 1992",0,5.05
"515","roys","yes",2,0.15,16,4,"reduced price meals","New Jersey",25,1,1,"November 1992",8,5.05
"516","roys","yes",15,0.25,14,52,"reduced price meals","New Jersey",28,1,1,"November 1992",53.5714285714286,5.5
"517","roys","no",6,0.25,16,52,"reduced price meals","New Jersey",22.75,1,1,"November 1992",26.3736263736264,5.05
"518","roys","yes",12,0.25,15,26,"reduced price meals","New Jersey",32,1,1,"November 1992",37.5,5.05
"519","wendys","no",5,0.25,11.5,4,"reduced price meals","New Jersey",27.5,1,1,"November 1992",18.1818181818182,5.67
"520","wendys","no",10,0.18,12.5,13,"reduced price meals","New Jersey",25.5,1,1,"November 1992",39.2156862745098,5.05
"521","wendys","no",40,0.18,11.5,26,"reduced price meals","New Jersey",60.5,1,1,"November 1992",66.1157024793389,5.05
"522","bk","no",0,0.17,16,26,"reduced price meals","New Jersey",20.5,1,1,"November 1992",0,5.05
"523","bk","no",8,0.25,16,26,"reduced price meals","New Jersey",16,1,1,"November 1992",50,5.05
"524","bk","no",12,0.58,15,28,"reduced price meals","New Jersey",25,1,1,"November 1992",48,5.75
"525","kfc","no",3,0.25,11.5,13,"free meals","New Jersey",9,1,1,"November 1992",33.3333333333333,5.05
"526","kfc","no",10,0.25,11.5,13,"free meals","New Jersey",16.5,1,1,"November 1992",60.6060606060606,5.25
"527","roys","yes",3,0.18,15.5,26,"reduced price meals","New Jersey",21,1,1,"November 1992",14.2857142857143,5.05
"528","wendys","no",0,0.18,12.5,26,"reduced price meals","New Jersey",21.5,1,1,"November 1992",0,5.05
"529","bk","no",0,0.18,16,10,"free meals","New Jersey",20,1,1,"November 1992",0,5.25
"530","bk","yes",10,0.1,16,4,"reduced price meals","New Jersey",21.25,1,1,"November 1992",47.0588235294118,5.05
"531","bk","no",7,0.18,13,8,"free meals","New Jersey",21.5,1,1,"November 1992",32.5581395348837,5.05
"532","bk","no",11,0.15,18,26,"reduced price meals","New Jersey",31,1,1,"November 1992",35.4838709677419,5.05
"533","bk","no",20,0.2,16,4,"reduced price meals","New Jersey",33,1,1,"November 1992",60.6060606060606,5.05
"534","kfc","yes",1,0.25,10.5,26,"free meals","New Jersey",9,1,1,"November 1992",11.1111111111111,5.05
"535","kfc","no",2,0.2,11,26,"free meals","New Jersey",11,1,1,"November 1992",18.1818181818182,5.05
"536","kfc","no",0,0.25,10,26,"reduced price meals","New Jersey",10.5,1,1,"November 1992",0,5.05
"537","kfc","no",15,0.25,10.5,13,"reduced price meals","New Jersey",22,1,1,"November 1992",68.1818181818182,5.05
"538","kfc","no",2,0.25,10.5,26,"free meals","New Jersey",8,1,1,"November 1992",25,5.05
"539","roys","no",0,0.2,15,52,"reduced price meals","New Jersey",12.5,1,1,"November 1992",0,5.05
"540","wendys","no",4.5,0.18,12.5,19,"reduced price meals","New Jersey",22.5,1,1,"November 1992",20,5.25
"541","wendys","no",4,0.13,13,26,"reduced price meals","New Jersey",11.5,1,1,"November 1992",34.7826086956522,5.05
"542","wendys","no",8,0.15,12.5,26,"reduced price meals","New Jersey",23.5,1,1,"November 1992",34.0425531914894,5.05
"543","bk","no",10,0.15,16,26,"reduced price meals","New Jersey",30,1,1,"November 1992",33.3333333333333,5.05
"544","kfc","no",11,0.45,10.5,2,"free meals","New Jersey",16.5,1,1,"November 1992",66.6666666666667,5.05
"545","bk","no",5,0.25,17.5,52,"reduced price meals","New Jersey",29,1,1,"November 1992",17.2413793103448,5.05
"546","bk","no",16,0.28,17,26,"free meals","New Jersey",30,1,1,"November 1992",53.3333333333333,5.05
"547","bk","no",13,0.08,19,4,"both free and reduced price meals","New Jersey",22.5,1,1,"November 1992",57.7777777777778,5.05
"548","bk","no",4,0.18,17,26,"none","New Jersey",24,1,1,"November 1992",16.6666666666667,5.05
"549","bk","no",12,0.25,17.5,13,"reduced price meals","New Jersey",21.75,1,1,"November 1992",55.1724137931034,5.05
"550","kfc","yes",8.5,0.5,12,52,"free meals","New Jersey",13.5,1,1,"November 1992",62.962962962963,5.2
"551","roys","yes",6,0.2,16,26,"reduced price meals","New Jersey",28.5,1,1,"November 1992",21.0526315789474,5.05
"552","wendys","yes",0,0.2,11,13,"reduced price meals","New Jersey",10,1,1,"November 1992",0,5.05
"553","bk","no",20,0.53,16,4,"reduced price meals","New Jersey",30.5,1,1,"November 1992",65.5737704918033,5.05
"554","bk","yes",12,0.15,17.5,19,"reduced price meals","New Jersey",24.75,1,1,"November 1992",48.4848484848485,5.05
"555","bk","no",20,0.15,16,26,"both free and reduced price meals","New Jersey",28,1,1,"November 1992",71.4285714285714,5.05
"556","kfc","no",2,0.2,10.5,13,"reduced price meals","New Jersey",14,1,1,"November 1992",14.2857142857143,5.05
"557","kfc","yes",0,0.2,10.5,26,"free meals","New Jersey",9,1,1,"November 1992",0,5.05
"558","kfc","yes",5,0.25,11,26,"free meals","New Jersey",9.5,1,1,"November 1992",52.6315789473684,5.05
"559","kfc","yes",9,0.18,10.5,26,"free meals","New Jersey",15.5,1,1,"November 1992",58.0645161290323,5.05
"560","kfc","no",3,0.13,10,13,"free meals","New Jersey",12,1,1,"November 1992",25,5.05
"561","kfc","no",1,0.15,11,13,"free meals","New Jersey",11.5,1,1,"November 1992",8.69565217391304,5.05
"562","roys","yes",2,0.2,11.5,26,"reduced price meals","New Jersey",12.5,1,1,"November 1992",16,5.05
"563","roys","yes",3,0.25,15,28,"reduced price meals","New Jersey",16,1,1,"November 1992",18.75,5.05
"564","roys","yes",12,0.1,17,4,"reduced price meals","New Jersey",28.5,1,1,"November 1992",42.1052631578947,5.05
"565","wendys","no",0,0.15,10.5,52,"free meals","New Jersey",15,1,1,"November 1992",0,5.3
"566","bk","no",22,0.15,13.5,26,"reduced price meals","New Jersey",30.5,1,1,"November 1992",72.1311475409836,5.5
"567","bk","no",15,0.18,17,26,"free meals","New Jersey",26.5,1,1,"November 1992",56.6037735849057,5.05
"568","bk","no",18,0.25,15,13,"reduced price meals","New Jersey",27,1,1,"November 1992",66.6666666666667,5.05
"569","bk","no",15,0.25,16,26,"reduced price meals","New Jersey",21.5,1,1,"November 1992",69.7674418604651,5.05
"570","bk","no",9,0.2,15.5,4,"reduced price meals","New Jersey",21.5,1,1,"November 1992",41.8604651162791,5.05
"571","kfc","yes",25,0.25,12,13,"free meals","New Jersey",37.5,1,1,"November 1992",66.6666666666667,5.05
"572","kfc","no",0,0.28,12.5,26,"free meals","New Jersey",11.5,1,1,"November 1992",0,5.05
"573","roys","yes",7,0.1,15.5,26,"reduced price meals","New Jersey",21,1,1,"November 1992",33.3333333333333,5.05
"574","roys","yes",16,0.25,17,26,"reduced price meals","New Jersey",28,1,1,"November 1992",57.1428571428571,5.05
"575","wendys","no",10,0.25,16,26,"reduced price meals","New Jersey",23,1,1,"November 1992",43.4782608695652,5.05
"576","bk","no",10,0.1,15,4,"free meals","New Jersey",19,1,1,"November 1992",52.6315789473684,5.05
"577","kfc","yes",2,0.25,10,6,"free meals","New Jersey",7,1,1,"November 1992",28.5714285714286,5.05
"578","roys","yes",4,0.23,16,52,"reduced price meals","New Jersey",14,1,1,"November 1992",28.5714285714286,5.05
"579","bk","yes",4,0.28,16,8,"reduced price meals","New Jersey",22,1,1,"November 1992",18.1818181818182,5.05
"580","bk","no",30,0.2,16,26,"both free and reduced price meals","New Jersey",47.5,1,1,"November 1992",63.1578947368421,5.05
"581","kfc","yes",10,0.17,11,26,"reduced price meals","New Jersey",15.5,1,1,"November 1992",64.5161290322581,5.05
"582","kfc","yes",2,0.18,10,6,"free meals","New Jersey",10.5,1,1,"November 1992",19.047619047619,5.05
"583","kfc","yes",1,0.39,10.5,13,"free meals","New Jersey",7,1,1,"November 1992",14.2857142857143,5.05
"584","roys","yes",6,0.28,16,26,"reduced price meals","New Jersey",15,1,1,"November 1992",40,5.05
"585","roys","yes",3,0.13,16,52,"reduced price meals","New Jersey",13.5,1,1,"November 1992",22.2222222222222,5.05
"586","roys","yes",2,0.18,11.5,26,"reduced price meals","New Jersey",12.5,1,1,"November 1992",16,5.05
"587","roys","yes",2,0.15,16,4,"reduced price meals","New Jersey",12.5,1,1,"November 1992",16,5.05
"588","roys","yes",5,0.15,16,19,"reduced price meals","New Jersey",12.5,1,1,"November 1992",40,5.05
"589","roys","yes",3,0.25,15,26,"reduced price meals","New Jersey",10,1,1,"November 1992",30,5.05
"590","wendys","no",5,0.1,11.5,17,"reduced price meals","New Jersey",16,1,1,"November 1992",31.25,5.1
"591","wendys","no",15,0.25,16,52,"free meals","New Jersey",23.5,1,1,"November 1992",63.8297872340426,5.05
"592","bk","yes",15,0.15,16,26,"reduced price meals","New Jersey",34,1,1,"November 1992",44.1176470588235,5.05
"593","roys","yes",12,0.15,16,13,"reduced price meals","New Jersey",32.5,1,1,"November 1992",36.9230769230769,5.05
"594","roys","no",10,0.38,24,26,"free meals","New Jersey",21.5,1,1,"November 1992",46.5116279069767,5.05
"595","roys","yes",5,0.35,18,2,"free meals","New Jersey",20,1,1,"November 1992",25,5.05
"596","wendys","no",3,0.3,11.5,26,"reduced price meals","New Jersey",17.5,1,1,"November 1992",17.1428571428571,5.05
"597","bk","no",3,0.25,10,4,"free meals","New Jersey",7,1,1,"November 1992",42.8571428571429,5.05
"598","bk","no",15,0.15,16,13,"free meals","New Jersey",22,1,1,"November 1992",68.1818181818182,5.25
"599","bk","yes",12,0.15,16,26,"reduced price meals","New Jersey",22,1,1,"November 1992",54.5454545454545,5.05
"600","bk","no",4,0.13,10.5,8,"free meals","New Jersey",7,1,1,"November 1992",57.1428571428571,5.05
"601","kfc","no",7,0.5,11.5,13,"free meals","New Jersey",14,1,1,"November 1992",50,5.05
"602","kfc","no",22,0.25,11.5,13,"free meals","New Jersey",27,1,1,"November 1992",81.4814814814815,5.05
"603","roys","yes",1,0.1,15,26,"reduced price meals","New Jersey",11.5,1,1,"November 1992",8.69565217391304,5.05
"604","bk","no",3,0.18,15,13,"reduced price meals","New Jersey",16,1,1,"November 1992",18.75,5.05
"605","bk","no",10,0.2,16,6,"reduced price meals","New Jersey",25,1,1,"November 1992",40,5.05
"606","bk","yes",5,0.25,16,13,"free meals","New Jersey",11.5,1,1,"November 1992",43.4782608695652,5.05
"607","bk","no",15,0.15,16,8,"reduced price meals","New Jersey",25.5,1,1,"November 1992",58.8235294117647,5.05
"608","kfc","yes",4,0.15,12,6,"reduced price meals","New Jersey",11.5,1,1,"November 1992",34.7826086956522,5.05
"609","roys","yes",5,0.23,17,13,"reduced price meals","New Jersey",17,1,1,"November 1992",29.4117647058824,5.05
"610","roys","yes",10,0.53,16,52,"reduced price meals","New Jersey",24,1,1,"November 1992",41.6666666666667,5.05
"611","bk","yes",0,0.25,16,26,"reduced price meals","New Jersey",17,1,1,"November 1992",0,5.05
"612","bk","no",5,0.25,16,4,"reduced price meals","New Jersey",28,1,1,"November 1992",17.8571428571429,5.05
"613","bk","no",4,0.18,16,26,"reduced price meals","New Jersey",21.5,1,1,"November 1992",18.6046511627907,5.05
"614","kfc","no",24,0.18,12.5,13,"free meals","New Jersey",30,1,1,"November 1992",80,5.05
"615","kfc","no",14,0.13,12.5,4,"reduced price meals","New Jersey",19.5,1,1,"November 1992",71.7948717948718,5.2
"616","kfc","no",1,0.25,12.5,52,"free meals","New Jersey",20,1,1,"November 1992",5,5.05
"617","roys","no",1,0.25,11.5,13,"reduced price meals","New Jersey",14.5,1,1,"November 1992",6.89655172413793,5.05
"618","wendys","no",0,0.15,11.5,19,"free meals","New Jersey",14.5,1,1,"November 1992",0,5.05
"619","bk","no",0,0.2,14,15,"reduced price meals","New Jersey",11.5,1,1,"November 1992",0,5.05
"620","bk","no",11,0.2,14,26,"reduced price meals","New Jersey",20,1,1,"November 1992",55,5.05
"621","bk","no",28,0.15,16,52,"free meals","New Jersey",34,1,1,"November 1992",82.3529411764706,5.05
"622","bk","no",15,0.13,16,26,"free meals","New Jersey",25,1,1,"November 1992",60,5.05
"623","bk","no",7,0.38,16,26,"free meals","New Jersey",10,1,1,"November 1992",70,5.05
"624","bk","no",0,0.1,16,26,"both free and reduced price meals","New Jersey",18,1,1,"November 1992",0,5.05
"625","bk","no",15,0.1,17,28,"reduced price meals","New Jersey",25,1,1,"November 1992",60,5.05
"626","bk","no",14,0.25,17,26,"free meals","New Jersey",23,1,1,"November 1992",60.8695652173913,5.05
"627","kfc","yes",18,0.25,11,13,"free meals","New Jersey",23,1,1,"November 1992",78.2608695652174,5.25
"628","roys","yes",8,0.1,16,26,"reduced price meals","New Jersey",26,1,1,"November 1992",30.7692307692308,5.4
"629","roys","yes",6,0.24,17,52,"reduced price meals","New Jersey",16.5,1,1,"November 1992",36.3636363636364,5.05
"630","roys","yes",18,0.23,16,26,"reduced price meals","New Jersey",31,1,1,"November 1992",58.0645161290323,5.05
"631","roys","yes",8,0.15,16,41,"reduced price meals","New Jersey",23,1,1,"November 1992",34.7826086956522,5.05
"632","roys","no",5,0.15,16,26,"reduced price meals","New Jersey",22.5,1,1,"November 1992",22.2222222222222,5.05
"633","roys","yes",17,0.13,15,26,"reduced price meals","New Jersey",21.5,1,1,"November 1992",79.0697674418605,5.05
"634","roys","yes",1.5,0.15,16,26,"reduced price meals","New Jersey",12,1,1,"November 1992",12.5,5.05
"635","bk","no",0,0.1,16,26,"reduced price meals","New Jersey",20.5,1,1,"November 1992",0,5.05
"636","bk","no",4,0.13,16,4,"reduced price meals","New Jersey",25,1,1,"November 1992",16,5.05
"637","bk","no",0,0.13,17,26,"free meals","New Jersey",13,1,1,"November 1992",0,5.05
"638","bk","no",13,0.38,16,26,"both free and reduced price meals","New Jersey",21.5,1,1,"November 1992",60.4651162790698,5.05
"639","bk","yes",13,0.15,16,26,"both free and reduced price meals","New Jersey",25.5,1,1,"November 1992",50.9803921568627,5.05
"640","bk","no",0,0.15,16,26,"reduced price meals","New Jersey",21.5,1,1,"November 1992",0,5.05
"641","kfc","yes",25,1,13,4,"reduced price meals","New Jersey",36.5,1,1,"November 1992",68.4931506849315,5.05
"642","kfc","yes",19,0.5,11,13,"free meals","New Jersey",23.75,1,1,"November 1992",80,5.25
"643","kfc","yes",12,0.5,14,19,"free meals","New Jersey",17.5,1,1,"November 1992",68.5714285714286,5.25
"644","roys","yes",5,0.25,18,19,"reduced price meals","New Jersey",20.5,1,1,"November 1992",24.390243902439,5.05
"645","wendys","no",10,0.1,12.5,13,"reduced price meals","New Jersey",25,1,1,"November 1992",40,5.14
